{"train_acc": 0.9933510638297872, "train_loss": 0.009382021613419056, "val_acc": 0.8485675306957708, "val_loss": 0.6702736020088196, "task": 5, "Accuracy": 0.8485675306957708, "Loss": 0.6702736020088196, "patience": 11, "best_val_acc": 0.8526603001364257, "learning_rate": 1.0000000000000002e-07, "_timestamp": 1724659277.616278, "_runtime": 14489.010859966278, "_step": 256, "_wandb": {"runtime": 14509}}