{"train_acc": 0.9920212765957447, "train_loss": 0.01474800892174244, "val_acc": 0.8390177353342428, "val_loss": 0.5794046521186829, "task": 5, "Accuracy": 0.8390177353342428, "Loss": 0.5794046521186829, "patience": 11, "best_val_acc": 0.8472032742155525, "learning_rate": 1.0000000000000002e-07, "_timestamp": 1724669631.526749, "_runtime": 10314.96760392189, "_step": 190, "_wandb": {"runtime": 10343}}