{"train_acc": 0.9933510638297872, "train_loss": 0.015279406681656837, "val_acc": 0.8130968622100955, "val_loss": 0.703732967376709, "task": 5, "Accuracy": 0.8130968622100955, "Loss": 0.703732967376709, "patience": 11, "best_val_acc": 0.834924965893588, "learning_rate": 1.0000000000000002e-07, "_timestamp": 1724640910.91786, "_runtime": 10107.705064058304, "_step": 206, "_wandb": {"runtime": 13898}}