{"train_acc": 0.9906914893617021, "train_loss": 0.021159375086426735, "val_acc": 0.8403819918144612, "val_loss": 0.7066122889518738, "task": 5, "Accuracy": 0.8403819918144612, "Loss": 0.7066122889518738, "patience": 11, "best_val_acc": 0.8458390177353342, "learning_rate": 1.0000000000000002e-07, "_timestamp": 1724679308.1133676, "_runtime": 9637.61631846428, "_step": 170, "_wandb": {"runtime": 9668}}