{"train_acc": 0.9906914893617021, "train_loss": 0.027797112241387367, "val_acc": 0.8185538881309686, "val_loss": 0.6897907257080078, "task": 5, "Accuracy": 0.8185538881309686, "Loss": 0.6897907257080078, "patience": 11, "best_val_acc": 0.8321964529331515, "learning_rate": 1.0000000000000004e-08, "_timestamp": 1724690409.4131165, "_runtime": 11057.284088373184, "_step": 186, "_wandb": {"runtime": 11085}}